id,name_ko,name_en,lat,lon
ahwa,아화,Ahwa,35.8983718,129.0515848
andong,안동,Andong,36.5743355,128.6749196
angang,안강,Angang,35.9706754,129.2334569
angseong_oncheon,앙성온천,Angseong Oncheon,37.0921124,127.7868708
anjung,안중,Anjung,36.9720384,126.938512
anyang,안양,Anyang,37.4014362,126.9230406
asan,아산,Asan,36.7920799,127.1042604
baegyangsa,백양사,Baegyangsa,35.4318313,126.8078035
banseong,반성,Banseong,35.1747033,128.258219
beolgyo,벌교,Beolgyo,34.8417841,127.3454487
bonghwa,봉화,Bonghwa,36.8913065,128.726673
bongyang,봉양,Bongyang,37.1298998,128.1304669
boseong,보성,Boseong,34.7667131,127.0817327
bubal,부발,Bubal,37.2604777,127.4904883
bugang,부강,Bugang,36.5324545,127.365479
bugulsan,북울산,Bugulsan,35.6147363,129.37244
bujeon,부전,Bujeon,35.1645442,129.0601293
bukcheon,북천,Bukcheon,35.1116803,127.8836032
buncheon,분천,Buncheon,36.9327526,129.0582697
busan,부산,Busan,35.1149367,129.0421667
centum,센텀,Centum,35.1798892,129.1241713
changwon,창원,Changwon,35.2577405,128.6065832
changwon_jungang,창원중앙,Changwon Jungang,35.2424397,128.7017114
cheonan,천안,Cheonan,36.8095339,127.1466656
cheonan_asan,천안아산,Cheonan-Asan,36.7943436,127.1044708
cheongdo,청도,Cheongdo,35.6398052,128.7461859
cheongju,청주,Cheongju,36.6472684,127.3917658
cheongju_airport,청주공항,Cheongju International Airport,36.7217222,127.4895956
cheongni,청리,Cheongni,36.3391895,128.1286112
cheongnyangni,청량리,Cheongnyangni,37.5803059,127.0478932
cheongso,청소,Cheongso,36.4454233,126.5908716
cheoram,철암,Cheoram,37.1130854,129.0363797
chuam,추암,Chuam,37.4784416,129.1573201
chungju,충주,Chungju,36.9758343,127.9084635
chunyang,춘양,Chunyang,36.9377973,128.9202028
chupungnyeong,추풍령,Chupungnyeong,36.2131264,127.9959985
daecheon,대천,Daecheon,36.3415733,126.5865555
daegok,대곡,Daegok,37.6313934,126.8121808
daegu,대구,Daegu,35.875907,128.5961608
daejeon,대전,Daejeon,36.332491,127.4346335
daeya,대야,Daeya,35.9448158,126.823927
danyang,단양,Danyang,36.9729726,128.3439982
dasi,다시,Dasi,35.0164815,126.6410506
deokso,덕소,Deokso,37.5868528,127.2089141
deungnyang,득량,Deungnyang,34.7612127,127.1702258
dogo_oncheon,도고온천,Dogo Oncheon,36.7495668,126.8895919
dogye,도계,Dogye,37.2292483,129.0442515
dongbaeksan,동백산,Dongbaeksan,37.1549142,129.0342716
dongdaegu,동대구,Dongdaegu,35.8794338,128.6280854
donghae,동해,Donghae,37.4976063,129.1227408
dongtan,동탄,Dongtan,37.2012053,127.0955141
dunnae,둔내,Dunnae,37.5100665,128.2213529
eumseong,음성,Eumseong,36.925754,127.7039941
gaepo,개포,Gaepo,36.6270761,128.3284947
gakgye,각계,Gakgye,36.2081812,127.7253757
gamgok_janghowon,감곡장호원,Gamgok Janghowon,37.12704,127.6356551
ganam,가남,Ganam,37.1973892,127.5354857
ganggu,강구,Ganggu,36.352299,129.3722798
ganggyeong,강경,Ganggyeong,36.1541239,127.0160255
gangjin,강진,Gangjin,34.628381,126.7724029
gangneung,강릉,Gangneung,37.7644434,128.8993076
geundeok,근덕,Geundeok,37.3143669,129.2775482
geungnakgang,극락강,Geungnakgang,35.1758654,126.8302063
gijang,기장,Gijang,35.2440641,129.2188675
gimcheon,김천,Gimcheon,36.1238046,128.1150499
gimcheon_gumi,김천 (구미),Gimcheon (Gumi),36.1130254,128.180706
gimje,김제,Gimje,35.7925676,126.9035332
giseong,기성,Giseong,36.7901813,129.4473138
gohan,고한,Gohan,37.2004483,128.853041
gokseong,곡성,Gokseong,35.2837628,127.3040678
gongju,공주,Gongju,36.3320749,127.0965489
goraebul,고래불,Goraebul,36.6027032,129.4061912
gumi,구미,Gumi,36.1284502,128.3305953
gunbuk,군북,Gunbuk,35.2522839,128.3524717
gunsan,군산,Gunsan,35.9993262,126.7602597
gunwi,군위,Gunwi,36.1610384,128.7456389
gupo,구포,Gupo,35.2050395,128.9969916
guryegu,구례구,Guryegu,35.1632233,127.4523454
gwangcheon,광천,Gwangcheon,36.5015997,126.622356
gwangju,광주,Gwangju,35.1657689,126.9096772
gwangju_songjeong,광주송정,Gwangju Songjeong,35.1378889,126.7901782
gwangmyeong,광명,Gwangmyeong,37.4164912,126.8847709
gwangyang,광양,Gwangyang,34.9561379,127.5877371
gyeongju,경주,Gyeongju,35.7981799,129.1390721
gyeongsan,경산,Gyeongsan,35.8192596,128.7275436
gyeryong,계룡,Gyeryong,36.2729344,127.2655414
hadong,하동,Hadong,35.0636325,127.7619073
haenam,해남,Haenam,34.6370195,126.6371743
haengsin,행신,Haengsin,37.6121266,126.8340349
hallimjeong,한림정,Hallimjeong,35.3231984,128.8041374
haman,함안,Haman,35.2493292,128.4245357
hamchang,함창,Hamchang,36.5698345,128.1745707
hampyeong,함평,Hampyeong,35.0237129,126.5391027
hamyeol,함열,Hamyeol,36.0799888,126.9565904
hapdeok,합덕,Hapdeok,36.7964618,126.7984676
hayang,하양,Hayang,35.9097127,128.8186228
heungbu,흥부,Heungbu,37.097085,129.3691746
hoengcheon,횡천,Hoengcheon,35.0993077,127.8016751
hoengsong,횡성,Hoengsong,37.4827837,128.0104169
hongseong,홍성,Hongseong,36.5994334,126.681097
hupo,후포,Hupo,36.6830683,129.4367181
hwamyeong,화명,Hwamyeong,35.2345594,129.0076341
hwanggan,황간,Hwanggan,36.2243298,127.9115464
hwaseong_city_hall,화성시청,Hwaseong City Hall,37.1898128,126.8205414
hwasun,화순,Hwasun,35.0512779,126.962184
hyangnam,향남,Hyangnam,37.1228397,126.912949
hyeondong,현동,Hyeondong,36.9369386,129.0120248
hyocheon,효천,Hyocheon,35.1029932,126.8770505
iksan,익산,Iksan,35.9405602,126.9457359
illo,일로,Illo,34.8486841,126.4771793
ilsin,일신,Ilsin,37.4453489,127.6890485
imgi,임기,Imgi,36.9038877,128.9994022
imseongri,임성리,Imseong-ri,34.8204726,126.4349609
imsil,임실,Imsil,35.6332354,127.2901554
imwon,임원,Imwon,37.2398144,129.3264487
inju,인주,Inju,36.8385867,126.8819246
iryeong,일영,Iryeong,37.7007226,126.9290485
iwon,이원,Iwon,36.2439368,127.6181783
iyang,이양,Iyang,34.891563,126.9901427
jangdong,장동,Jangdong,34.7532446,126.9952248
janghang,장항,Janghang,36.0398061,126.7154304
jangheung,장흥,Jangheung,37.7187109,126.9415564
jangsa,장사,Jangsa,36.2841109,129.369061
jangseong,장성,Jangseong,35.2999888,126.7796571
jecheon,제천,Jecheon,37.1273908,128.2056931
jeomchon,점촌,Jeomchon,36.5955088,128.2036511
jeongdongjin,정동진,Jeongdongjin,37.691717,129.0326543
jeongeup,정읍,Jeongeup,35.5757603,126.8419588
jeonju,전주,Jeonju,35.8500656,127.1622562
jeonnam_jangheung,전남장흥,Jeonnam Jangheung,34.6690323,126.9109174
jeonui,전의,Jeonui,36.6782725,127.2028936
jeungpyeong,증평,Jeungpyeong,36.7779474,127.5837895
jillye,진례,Jillye,35.2666241,128.7627622
jinbu_odaesan,진부 (오대산),Jinbu (Odaesan),37.6425955,128.5748368
jinju,진주,Jinju,35.1501017,128.1182088
jinsang,진상,Jinsang,35.0148218,127.7196216
jinyeong,진영,Jinyeong,35.2987129,128.7735151
jipyeong,지평,Jipyeong,37.4766456,127.6293461
jitan,지탄,Jitan,36.2417497,127.6760254
jochiwon,조치원,Jochiwon,36.6010339,127.295876
joseong,조성,Joseong,34.8065982,127.2481063
judeok,주덕,Judeok,36.9730763,127.8024754
jukbyeon,죽변,Jukbyeon,37.0493466,129.4039792
jungri,중리,Jung-ri,35.2498384,128.5190385
maegok,매곡,Maegok,37.4365575,127.7302567
maehwa,매화,Maehwa,36.8827346,129.4097094
manjong,만종,Manjong,37.3539225,127.8930823
masan,마산,Masan,35.2364351,128.5767705
mindungsan,민둥산,Mindungsan,37.2438401,128.7732808
miryang,밀양,Miryang,35.4747106,128.7716727
mokpo,목포,Mokpo,34.7913104,126.3873227
mongtan,몽탄,Mongtan,34.9298707,126.5037818
muan,무안,Muan,34.9625895,126.5174064
mukho,묵호,Mukho,37.5462744,129.1082133
mulgeum,물금,Mulgeum,35.3066075,128.9854221
mungyeong,문경,Mungyeong,36.7203384,128.1101193
myeongbong,명봉,Myeongbong,34.8278753,127.075807
naju,나주,Naju,35.0139184,126.7174587
namchang,남창,Namchang,35.4190558,129.2825858
namseonghyeon,남성현,Namseonghyeon,35.7048027,128.71613
namwon,남원,Namwon,35.4114118,127.3608202
neungju,능주,Neungju,34.9865599,126.9643014
nonsan,논산,Nonsan,36.2067628,127.092582
ogeunjang,오근장,Ogeunjang,36.7003474,127.4782518
okcheon,옥천,Okcheon,36.2980066,127.5652603
oksan,옥산,Oksan,36.2827918,128.0945283
okwon,옥원,Okwon,37.1841642,129.3237921
onyang_oncheon,온양온천,Onyang Oncheon,36.7806189,127.0028808
osan,오산,Osan,37.145637,127.0667493
osong,오송,Osong,36.6198946,127.3277314
osu,오수,Osu,35.5427359,127.3202965
pangyo,판교,Pangyo,36.1559291,126.6796595
pangyo_gyeonggi,판교 (경기),Pangyo (Gyeonggi),37.3947305,127.1111519
pohang,포항,Pohang,36.0713198,129.3426788
punggi,풍기,Punggi,36.8742932,128.5234553
pyeongchang,평창,Pyeongchang,37.5620019,128.4295864
pyeonghae,평해,Pyeonghae,36.7256023,129.4459842
pyeongtaek,평택,Pyeongtaek,36.991012,127.0851148
pyeongtaek_jije,평택지제,Pyeongtaek Jije,37.0188058,127.0701207
sabuk,사북,Sabuk,37.2259877,128.8171166
salmi,살미,Salmi,36.9022065,127.9602635
samcheok,삼척,Samcheok,37.429941,129.1784572
samcheok_haebyeon,삼척해변,Samcheok Haebyeon,37.4680864,129.1664329
samnangjin,삼랑진,Samnangjin,35.3990808,128.8430779
samnye,삼례,Samnye,35.903971,127.0658058
samsan,삼산,Samsan,37.3923018,127.779684
samtan,삼탄,Samtan,37.0734005,128.0385932
sangbong,상봉,Sangbong,37.5969171,127.0854391
sangdong,상동,Sangdong,35.555578,128.7603774
sangju,상주,Sangju,36.4104257,128.164172
sapgyo,삽교,Sapgyo,36.6798421,126.7514513
sasang,사상,Sasang,35.1626153,128.9889516
seocheon,서천,Seocheon,36.0821078,126.708483
seodaegu,서대구,Seodaegu,35.8814513,128.5399736
seodaejeon,서대전,Seodaejeon,36.3225661,127.4030819
seogwangju,서광주,Seogwangju,35.1249087,126.8469221
seogyeongju,서경주,Seogyeongju,35.8844897,129.1806543
seohwaseong,서화성,Seohwaseong,37.248852,126.7868469
seojeongri,서정리,Seojeong-ri,37.0571968,127.0529482
seokbul,석불,Seokbul,37.4600346,127.6548608
seokpo,석포,Seokpo,37.0451816,129.060933
seonghwan,성환,Seonghwan,36.91591,127.1268821
seoul,서울,Seoul,37.5547378,126.9706951
seowonju,서원주,Seowonju,37.348434,127.8394971
seungbu,승부,Seungbu,36.9927195,129.0841276
sillyewon,신례원,Sillyewon,36.7269838,126.8493167
simcheon,심천,Simcheon,36.2372962,127.7202852
sinboseong,신보성,Sinboseong,34.7593744,127.0857073
sinchang,신창,Sinchang,36.7694936,126.9508914
sindong,신동,Sindong,35.9554633,128.4859669
singi,신기,Singi,37.3461148,129.0851056
sinhaeundae,신해운대,Sinhaeundae,35.1816885,129.1770147
sintaein,신태인,Sintaein,35.6878877,126.8840463
sintanjin,신탄진,Sintanjin,36.4494629,127.4281649
songchu,송추,Songchu,37.7207494,126.9795062
ssangnyong,쌍룡,Ssangnyong,37.1746373,128.3288424
suanbo_oncheon,수안보온천,Suanbo Oncheon,36.8415765,128.0050059
suncheon,순천,Suncheon,34.9460395,127.5036489
suseo,수서,Suseo,37.4853488,127.1045247
suwon,수원,Suwon,37.2660227,126.9997646
taebaek,태백,Taebaek,37.1759171,128.9839724
taehwagang,태화강,Taehwagang,35.5385746,129.3538725
tapri,탑리,Tap-ri,36.2599492,128.6831619
uijeongbu,의정부,Uijeongbu,37.7375763,127.0460628
uiseong,의성,Uiseong,36.3537656,128.6930625
uljin,울진,Uljin,36.9815529,129.3955755
ulsan,울산,Ulsan,35.5514356,129.137947
ungcheon,웅천,Ungcheon,36.2357146,126.606867
waegwan,왜관,Waegwan,35.9923147,128.400462
wangsimni,왕십리,Wangsimni,37.5612434,127.038611
wansa,완사,Wansa,35.1346969,127.9772963
wolleung,원릉,Wolleung,37.6627045,126.8399638
wolpo,월포,Wolpo,36.203929,129.3663864
wondong,원동,Wondong,35.3626707,128.9205179
wonju,원주,Wonju,37.3164128,127.9218882
yangdong,양동,Yangdong,37.4202886,127.754766
yangmok,약목,Yangmok,36.0374413,128.3644772
yangpyeong,양평,Yangpyeong,37.4928294,127.4918889
yangwon,양원,Yangwon,36.9638637,129.0914199
yecheon,예천,Yecheon,36.6471891,128.443716
yedang,예당,Yedang,34.7784875,127.2024556
yemi,예미,Yemi,37.2126434,128.6481534
yeocheon,여천,Yeocheon,34.7794718,127.6641408
yeongam,영암,Yeongam,34.758598,126.5308942
yeongcheon,영천,Yeongcheon,35.9590572,128.9391909
yeongdeok,영덕,Yeongdeok,36.4105175,129.3782574
yeongdeungpo,영등포,Yeongdeungpo,37.5156732,126.9074775
yeongdong,영동,Yeongdong,36.1725667,127.7861195
yeonghae,영해,Yeonghae,36.5385722,129.396866
yeongju,영주,Yeongju,36.8108259,128.6255993
yeongwol,영월,Yeongwol,37.182122,128.4809628
yeonpung,연풍,Yeonpung,36.7864145,128.0183103
yeonsan,연산,Yeonsan,36.211919,127.2007869
yeosu_expo,여수엑스포,Yeosu-Expo,34.7533869,127.7486586
yesan,예산,Yesan,36.6869046,126.8284402
yonggung,용궁,Yonggung,36.6067249,128.2730632
yongmun,용문,Yongmun,37.4822415,127.5946789
yongsan,용산,Yongsan,37.5300019,126.9648513
